pdb,Hchain,Lchain,antigen_chain,delta_g,temperature,pdb_exists
5w08,K,L,C,-10.092595930642474,,True
1nca,H,L,N,-11.02,25.0,True
4ypg,H,L,D,-14.128858472801308,,True
2vxs,J,N,D,-11.83,,True
2oqj,E,D,F,-5.04,25.0,True
4fqr,a,b,A,-9.54970862587178,,True
4f9p,D,d,B,-10.67372125591851,,True
4j8r,B,A,I,-10.503274322962254,,True
5zia,G,L,R,-8.898798774188476,,True
2r56,I,M,B,-12.12,,True
2qhr,H,L,P,-10.07,25.0,True
5mi0,B,C,A,-8.713721871255862,,True
1vfb,B,A,C,-11.47,24.0,True
3hi6,H,L,A,-7.26,,True
4ypg,B,A,C,-14.128858472801308,,True
3q3g,K,J,L,-11.32,25.0,True
5drz,H,L,P,-11.400370293980798,,True
2vwe,E,C,A,-13.56,,True
1q72,H,L,H,-9.350354316900614,,True
1mh5,H,L,H,-12.571059308451574,,True
1zea,H,L,A,-7.123876292458442,,True
3dvn,B,A,Y | X,-9.59,,True
5a2i,H,h,P,-6.896959633430256,,True
3eob,H,L,I,-11.8,25.0,True
4kxz,Q,P,D,-11.627286953008984,,True
1sy6,H,L,A,-7.59,25.0,True
5xmh,H,L,A,-5.178506877772148,,True
5tkj,J,K,L,-11.112714836617696,,True
3etb,I,i,M,-14.26,25.0,True
5drz,B,A,Q,-11.400370293980798,,True
3ifp,E,F,S,-10.38,25.0,True
5myk,B,A,C,-12.284151464664008,,True
2ntf,H,L,H,-9.25,37.0,True
4xgz,C,D,c,-10.395251776049642,,True
6bf4,B,C,A,-9.20807461785177,,True
4dn4,H,L,M,-14.215718638691294,,True
4fqr,w,x,W,-9.54970862587178,,True
4yhp,H,L,P,-11.867518412372508,,True
5csz,H,L,D,-10.599564136380756,,True
4mhj,K,J,G,-12.27819680469229,,True
4f9l,d,D,A,-9.795894745207022,,True
5u7o,H,L,G,-9.736169606109948,,True
3uc0,I,M,B,-12.6,37.0,True
5c0s,H,L,A,-11.06880707255872,,True
3iu3,A,B,K,-13.44,25.0,True
4khx,H,L,A,-11.427932644037815,,True
1ngw,B,A,B,-10.48,,True
4m5z,H,L,A,-11.324631107601816,,True
1jps,H,L,T,-13.63,25.0,True
4hj0,C,D,B,-10.420467653019871,,True
4f3f,B,A,C,-12.472830103186848,,True
5nh3,I,M,B,-12.294413792096064,,True
3fku,U,u,H | G,-13.48,25.0,True
2z92,A,B,A,-10.85,25.0,True
4zs6,C,D,B,-8.875561141727196,,True
1n7m,L,H,L,-7.78,,True
4z5r,W,V,F,-14.658430977236662,,True
6bit,J,L,G,-11.712071867460317,,True
5kov,C,c,A,-11.907338499719083,,True
2qr0,R,Q,P,-11.5,37.0,True
5bo1,I,M,A,-12.41785844031504,,True
4n8c,H,L,X,-12.821084109462982,,True
5u8q,H,L,A,-7.666763597229133,,True
1dbb,H,L,H,-12.27819680469229,,True
6bli,D,E,F,-12.665637564550789,,True
5dmi,H,L,A,-12.33407434312871,,True
4m8q,A,B,S,-11.462794680024446,,True
4kxz,N,M,E,-11.627286953008984,,True
6h06,E,F,J,-7.164753442850797,,True
4cmh,B,C,A,-13.23176250178276,,True
3ikc,B,A,B,-10.171711101540176,,True
5aaw,K,k,L,-11.411241859183765,,True
3eoa,H,L,I,-11.8,25.0,True
4m1g,H,L,B | A,-10.697907621456812,,True
6mu3,H,L,H,-8.39678861981014,,True
4xi5,D,C,B | A,-12.700844971389516,,True
5dwu,H,L,A | B,-9.972356792569007,,True
3n85,H,L,A,-12.41,,True
3uaj,C,D,B,-11.647373069103503,,True
5i5k,X,Y,A,-14.671745777572,,True
2nyy,D,C,A,-15.72,23.0,True
3eo1,H,G,I,-13.09,,True
6bb4,I,M,Q,-10.65812868023894,,True
5kzp,F,J,C,-9.761032709220396,,True
4iof,E,F,B,-11.456840020052727,,True
2hkf,H,L,P,-8.89,25.0,True
5kzp,H,L,A,-9.761032709220396,,True
5dyo,H,L,A,-13.935303397861828,,True
1dzb,A,a,X,-8.57,25.0,True
5alb,H,L,L,-14.607976365570464,,True
5hys,A,B,G,-14.201849726854263,,True
5m63,H,L,L,-9.493238899799852,,True
2vis,B,A,C,-7.36,25.0,True
4nm8,H,L,B | A,-11.735309499921597,,True
4aei,H,L,A,-12.4104057171432,,True
2y06,H,L,P,-8.317673448912437,,True
1igj,D,C,D,-13.91,20.0,True
1ob1,B,A,C,-12.29,4.0,True
5mes,H,L,A,-8.824641654650721,,True
5d1q,B,A,E,-14.851238438600603,,True
3nfp,H,L,I,-13.05,25.0,True
4jan,A,B,I,-10.503274322962254,,True
2vxs,K,O,C,-11.83,,True
3hzm,B,A,B,-7.534554684778222,,True
3g5y,B,A,E,-9.29,25.0,True
5mev,H,L,A,-9.54970862587178,,True
1f90,H,L,E,-10.8,,True
6ii8,J,K,E,-8.749460362550247,,True
2r23,B,A,B,-5.076688405139296,,True
4mhh,H,L,E,-12.340621190735936,,True
4z5r,Z,Y,X,-14.658430977236662,,True
4yho,H,L,H,-14.658430977236662,,True
1d6v,H,L,H,-8.422740958876435,,True
3dvn,H,L,V | U,-9.59,,True
5t6p,D,C,E,-8.26120372284051,,True
5tfw,H,L,O,-14.71358553366757,,True
1uwx,H,L,P,-7.9,,True
3gm0,a,A,A,-10.599564136380756,,True
2jix,H,L,E,-10.26,,True
2r0z,H,L,Q,-7.33,20.0,True
4d9r,H,L,A,-15.549572288283487,,True
4lmq,E,I,F,-12.32567017838922,,True
3hae,H,L,A | C,-10.0,,True
5xwd,H,D,A,-11.22656650399949,,True
5t29,H,L,O,-12.85303577200258,,True
1ind,H,L,H,-13.62,37.0,True
3b2u,F,G,E,-12.27,25.0,True
3c09,H,L,D,-10.04,25.0,True
3nh7,K,O,D,-10.5,25.0,True
3etb,F,f,J,-14.26,25.0,True
2a6k,H,L,P,-9.11012285753709,,True
4r3s,A,B,Q,-11.216608560689204,,True
4etq,H,L,C,-13.29418688782641,,True
1f4x,H,L,H,-7.62,,True
6bf4,H,L,G,-9.20807461785177,,True
5tz2,H,L,C,-12.211051408172032,,True
3mac,H,L,A,-9.23,28.0,True
5yoy,P,M,K,-14.658430977236662,,True
3h42,H,L,B | A,-15.54,25.0,True
1hez,D,C,E,-9.32,25.0,True
1jgl,H,L,L,-11.867518412372508,,True
5eoc,J,M,Q,-10.257147454957629,,True
4xh2,A,B,a,-11.216608560689204,,True
6h06,H,L,I,-7.164753442850797,,True
4f9l,c,C,B,-9.795894745207022,,True
3gjf,H,L,A | C,-9.82,,True
4am0,C,D,T,-12.792176733448072,,True
4mhj,H,L,A,-12.27819680469229,,True
4aei,I,M,B,-12.4104057171432,,True
6cmg,C,B,A,-10.316754097318308,,True
4odx,H,B,X,-11.850005304444045,,True
2fx8,J,N,R,-8.89,,True
4onf,H,L,P,-12.170174257779676,,True
6mhr,A,B,C,-10.446804596890326,,True
2i60,H,L,G,-11.193370928227925,,True
3ijh,B,A,B,-5.456976357641017,,True
6cdp,A,B,C,-11.985097354847062,,True
1mlc,B,A,E,-9.6,25.0,True
1ngw,H,L,H,-10.48,,True
4wht,A,B,a,-11.053614350904786,,True
4yk4,C,B,A,-8.78422937966864,,True
4i2x,D,C,F,-8.077441989548914,,True
4uil,H,L,H,-9.872450587373468,,True
3l5w,B,A,J,-14.0,25.0,True
5ywy,H,L,A,-9.862322414589237,,True
5w08,I,J,B,-10.092595930642474,,True
5aaw,D,d,E,-11.411241859183765,,True
3t2n,H,L,A,-10.5,37.0,True
6mub,M,K,M,-9.54970862587178,,True
5vzy,H,L,A,-11.589048932503635,,True
2jb6,B,A,B,-14.95021525744087,,True
5vob,H,L,D | B,-13.40220943473902,,True
2r1w,B,A,B,-6.278333142280578,,True
1pz5,B,A,C,-7.8,25.0,True
3p0y,H,L,A,-12.36,37.0,True
5tzt,H,L,C,-11.653534133424982,,True
1e6j,H,L,P,-10.28,,True
4u6h,A,B,E,-13.698318432538963,,True
4leo,A,B,C,-12.68887519701207,,True
1w72,I,M,D | F,-10.71,,True
6b3s,C,D,B,-10.805930168369423,,True
2oqj,B,A,C,-5.04,25.0,True
6a0z,H,L,A,-9.925863641076688,,True
6e63,H,L,P,-11.503030961041176,,True
3ve0,A,B,J | J | I,-7.792832727482168,,True
4wv1,B,A,C,-11.712071867460317,,True
5wi9,H,L,A,-13.731800994840723,,True
6flb,H,L,G,-12.27819680469229,,True
1nl0,H,L,G,-11.99972732482342,,True
3lhp,H,L,S,-15.17,,True
5yoy,Q,N,L,-14.658430977236662,,True
5gzo,C,D,B,-9.258056023338968,,True
3lqa,H,L,G | C,-7.9,25.0,True
6e63,B,C,A,-11.503030961041176,,True
3lh2,K,O,V,-11.25,,True
3b2u,T,U,S,-12.27,25.0,True
5anm,H,L,F,-15.975251068647337,,True
5zxv,C,D,B,-9.87655083681725,,True
6ii8,H,L,C,-8.749460362550247,,True
2aep,H,L,A,-10.8,,True
5zia,O,P,Q,-8.898798774188476,,True
2i5y,R,Q,P,-11.689711339052632,,True
4why,M,N,B,-11.053614350904786,,True
3rkd,D,C,B,-11.22,,True
3ifp,C,D,R,-10.38,25.0,True
5f3b,E,F,D,-15.720019221239747,,True
1flr,H,L,L,-12.55,22.0,True
4iof,C,D,A,-11.456840020052727,,True
6bb4,J,N,R,-10.65812868023894,,True
3h3p,I,M,T,-10.71,25.0,True
6h0e,C,D,G,-9.031007686639388,,True
1fl3,A,B,A,-9.27123914600291,,True
2fl5,H,L,H,-11.929942798416157,,True
6b5r,H,L,A,-11.967303714867905,,True
4g6f,H,L,P,-10.599564136380756,,True
3uaj,H,L,A,-11.647373069103503,,True
3nh7,H,L,A,-10.5,25.0,True
4wuu,E,D,A | C,-10.749460442297496,,True
1tet,H,L,P,-8.24,23.0,True
1c12,B,A,A,-11.57,17.0,True
4h88,H,L,A,-11.647373069103503,,True
4u6v,H,L,A,-15.006684983512798,,True
2cmr,H,L,A,-14.04,25.0,True
4jzj,H,L,C,-11.456840020052727,,True
1bj1,H,L,W,-11.55,25.0,True
3nfp,A,B,K,-13.05,25.0,True
3e8u,H,L,P,-13.14,23.0,True
4idj,H,L,A,-16.056540494021775,,True
5a2j,H,h,P,-7.986110227490359,,True
3kr3,H,L,D,-14.06,25.0,True
5t5b,A,B,O,-13.519788377213574,,True
6b3s,F,G,E,-10.805930168369423,,True
5gkr,A,B,T,-11.372746740093346,,True
2jb6,H,L,H,-14.95021525744087,,True
5gzo,H,L,A,-9.258056023338968,,True
6bck,H,L,G,-12.367556905430469,,True
2xzq,H,L,P,-8.983583688639808,,True
4qti,H,L,U,-10.592634423700437,,True
2fx9,H,L,P,-10.59,,True
5zia,A,B,C,-8.898798774188476,,True
3ggw,B,A,E,-7.55,25.0,True
4dkf,H,L,A,-11.607859518116271,,True
3qwo,H,L,P,-9.63,,True
4gms,J,N,E,-10.503274322962254,,True
4xgz,A,B,a,-10.395251776049642,,True
5vyf,B,A,C,-13.271582589129338,,True
5kov,K,k,H,-11.907338499719083,,True
5tkj,A,B,C,-11.112714836617696,,True
5kn5,D,E,F,-13.630708160608432,,True
5zia,D,E,F,-8.898798774188476,,True
4fqv,J,N,D | C,-12.22172707862036,,True
2c1p,B,A,B,-7.3641077518219635,,True
6cwt,C,D,F,-15.960250680603272,,True
4hkx,A,B,E,-8.790776227275865,,True
5sx4,H,L,N,-12.917373922881485,,True
3dvg,B,A,Y | X,-10.99,,True
1i8i,B,A,C,-10.446804596890326,,True
1i8k,B,A,C,-10.44,,True
2a6i,B,A,P,-9.44,25.0,True
1aj7,H,L,H,-5.31,27.0,True
4fqr,m,n,M,-9.54970862587178,,True
2zpk,I,M,Q,-7.95,25.0,True
4rdq,G,F,E,-10.67372125591851,,True
2pcp,D,C,C,-11.867518412372508,,True
5czx,H,L,A,-12.58085265009946,,True
4ala,H,L,C,-12.725535363908447,,True
5tkj,G,H,I,-11.112714836617696,,True
4g3y,H,L,C,-10.996463217420198,,True
1s3k,H,L,H,-9.031007686639388,,True
6blh,H,L,G,-11.442210050076367,,True
3eo1,K,J,L,-13.09,,True
5wux,C,D,G,-14.40948636554907,,True
2wub,R,Q,C,-9.3,25.0,True
3hae,O,N,J | M,-10.0,,True
1n64,H,L,P,-12.12,,True
4dgi,H,L,A,-8.658567314824953,,True
5zxv,H,L,A,-9.87655083681725,,True
2or9,I,M,P,-8.6,25.0,True
4wv1,E,D,F,-11.712071867460317,,True
6d01,G,H,J,-8.927113962567878,,True
5grj,H,L,A,-14.15501182414434,,True
2fx8,I,M,Q,-8.89,,True
4mhh,G,I,C,-12.340621190735936,,True
5igx,H,L,G,-8.387550558127923,,True
1etz,B,A,B,-9.73,,True
2y07,H,L,P,-8.488120381868695,,True
2pcp,B,A,B,-11.867518412372508,,True
2oqj,H,G,I,-5.04,25.0,True
2yk1,H,L,H,-11.09,,True
6b08,C,B,A,-10.635483235413163,,True
3etb,H,h,L,-14.26,25.0,True
1qyg,H,L,H,-9.350354316900614,,True
3kdm,H,L,H,-9.54,25.0,True
1za3,H,L,R,-10.18,,True
4ris,H,L,P,-8.247888922505172,,True
1fe8,H,L,A,-7.774786144141744,,True
4jg0,H,L,P,-9.22839033429018,,True
6mnf,M,K,M,-8.030017991549332,,True
6bli,A,B,C,-12.665637564550789,,True
4u6v,K,M,B,-15.006684983512798,,True
3eo1,E,D,F,-13.09,,True
2bjm,H,L,H,-5.046297965321237,,True
4m1d,I,M,Q,-10.420467653019871,,True
3nh7,J,N,C,-10.5,25.0,True
2jix,F,A,C | B,-10.26,,True
3w2d,H,L,A,-12.60226823733781,,True
4fqi,H,L,B | A,-12.340621190735936,,True
4jn2,H,L,L,-15.931343304588362,,True
5hhx,H,L,A,-11.201015985009631,,True
5c0n,C,D,B,-7.34515831911734,,True
2xqb,H,L,A,-14.02,,True
5wt9,H,L,G,-12.058051461423284,,True
3fku,T,t,L | K,-13.48,25.0,True
6ii9,P,Q,E,-10.521320906302677,,True
4k9e,H,L,C,-15.27110280841462,,True
3b2u,Q,R,P,-12.27,25.0,True
3eyu,H,L,Q,-10.21,20.0,True
5ush,D,E,A,-12.037965345328766,,True
5yoy,H,E,C,-14.658430977236662,,True
1mlc,D,C,F,-9.6,25.0,True
3uyp,A,a,B,-7.349477781845606,,True
2qr0,L,K,I,-11.5,37.0,True
4g6j,H,L,A,-11.442210050076367,,True
5usl,H,L,X,-14.728215503643929,,True
2fjh,B,A,W,-11.94,37.0,True
4am0,H,L,R,-12.792176733448072,,True
5w08,O,P,E,-10.092595930642474,,True
5utz,F,G,E,-11.904493814008964,,True
6db9,H,L,R,-8.390055778266369,,True
4dke,I,M,B,-13.534418347189932,,True
4ybl,B,C,A,-13.328052315201264,,True
4xh2,G,I,g,-11.216608560689204,,True
3mxw,H,L,A,-12.7,30.0,True
1p4b,H,L,P,-13.94,20.0,True
5czx,C,D,B,-12.58085265009946,,True
2oqj,K,J,L,-5.04,25.0,True
2g2r,H,L,L,-10.75850617036984,,True
2h9g,H,L,S,-11.32,,True
5anm,D,C,E,-15.975251068647337,,True
6mi2,D,E,F,-9.769557801336566,,True
2fjg,H,L,W,-10.92,37.0,True
3bgf,H,L,S,-10.34,25.0,True
3ifl,H,L,P,-11.01,25.0,True
2zpk,H,L,P,-7.95,25.0,True
4py8,I,J,B | A,-12.27819680469229,,True
1hez,B,A,E,-9.32,25.0,True
5xxy,H,L,A,-10.916327402549168,,True
4j4p,H,L,A,-10.092595930642474,,True
6df2,H,L,D,-9.880679659658352,,True
3eyf,B,A,E,-9.3,24.0,True
5aaw,H,h,I,-11.411241859183765,,True
5wi9,F,E,B,-13.731800994840723,,True
3a6c,H,L,Y,-11.28,30.0,True
3q3g,D,C,G,-11.32,25.0,True
4jzj,A,B,D,-11.456840020052727,,True
6ii9,M,N,C,-10.521320906302677,,True
5kvf,H,L,E,-10.224804843093384,,True
5e8d,H,L,A,-11.169184562689624,,True
5ush,H,L,X,-12.037965345328766,,True
4fqy,H,L,B | A,-11.81104868630058,,True
3fku,X,x,F | E,-13.48,25.0,True
5i5k,H,L,B,-14.671745777572,,True
4mhj,W,V,S,-12.27819680469229,,True
4fqv,H,L,B | A,-12.22172707862036,,True
3ixt,H,L,P,-9.02,,True
3eo1,B,A,C,-13.09,,True
6bb4,H,L,P,-10.65812868023894,,True
2fjh,H,L,V,-11.94,37.0,True
2w9e,H,L,A,-13.63,,True
2fr4,H,L,N,-7.3641077518219635,,True
6eyo,H,L,A,-14.596006591193015,,True
3ifp,H,L,P,-10.38,25.0,True
2hfg,H,L,R,-12.57,25.0,True
1i7z,B,A,A,-8.728351841232218,,True
3idy,B,C,A,-11.450944611411623,,True
4fqr,e,f,E,-9.54970862587178,,True
2vxs,H,L,B,-11.83,,True
5fcu,H,L,G,-11.216608560689204,,True
2b2x,H,L,A,-11.95,,True
4wht,G,H,g,-11.053614350904786,,True
3etb,G,g,K,-14.26,25.0,True
3i02,B,A,A,-10.26304286359873,,True
5wux,A,B,F,-14.40948636554907,,True
2j6e,I,M,B,-8.488120381868695,,True
4hlz,I,J,D | C,-11.867518412372508,,True
6a67,C,D,B,-12.275831597239875,,True
2mpa,H,L,P,-10.969830253718456,,True
1m7d,B,A,A,-8.49807832517898,,True
3l5x,H,L,A,-13.05,25.0,True
2r1y,B,A,B,-6.150883160475254,,True
4fqr,s,t,S,-9.54970862587178,,True
1y0l,H,L,H,-12.27819680469229,,True
3fn0,H,L,P,-5.99986366241171,,True
2vxq,H,L,A,-13.58,25.0,True
4j8r,D,C,J,-10.503274322962254,,True
1jrh,H,L,I,-10.7,25.0,True
6b3k,H,L,R,-9.441686078959169,,True
5wtt,A,B,C,-9.006821321101087,,True
4zff,A,B,C,-11.324631107601816,,True
5kzp,G,K,D,-9.761032709220396,,True
2j5l,C,B,A,-9.7,,True
3lhp,I,M,T,-15.17,,True
5i8c,A,B,C,-10.371065410511342,,True
5aaw,B,b,J,-11.411241859183765,,True
2vxs,I,M,A,-11.83,,True
3hi6,X,Y,B,-7.26,,True
1mjj,H,L,H,-11.920149456768272,,True
5w1m,D,C,T,-10.624477030127814,,True
4r2g,N,M,A,-10.188885744060974,,True
6b0g,D,C,E,-10.243615428706017,,True
3eyf,D,C,F,-9.3,24.0,True
6fgb,H,L,A | B,-13.955054682819997,,True
3ghe,H,L,P,-8.03,25.0,True
5czv,H,L,A,-12.991531042419238,,True
4jfz,H,L,P,-9.752628544480904,,True
2qr0,T,S,U,-11.5,37.0,True
5j74,B,b,b,-11.897908852190566,,True
3h3p,H,L,S,-10.71,25.0,True
4nm8,J,N,F | E,-11.735309499921597,,True
3o6m,H,L,C,-9.89,16.0,True
1dqj,B,A,C,-11.45,25.0,True
4g6f,B,D,F,-10.599564136380756,,True
4fqr,q,r,Q,-9.54970862587178,,True
6b14,H,L,R,-11.324631107601816,,True
5te6,H,L,G,-11.714355044389787,,True
2fl5,F,E,F,-11.929942798416157,,True
4z5r,B,A,N,-14.658430977236662,,True
4jan,H,L,G,-10.503274322962254,,True
4zfo,H,L,K,-14.567099215178107,,True
6e62,H,L,P,-11.589048932503635,,True
2jel,H,L,P,-11.49,23.0,True
4rdq,M,L,C,-10.67372125591851,,True
2qr0,B,A,D,-11.5,37.0,True
5kve,H,L,E,-10.171711101540176,,True
5usl,B,C,A,-14.728215503643929,,True
1nsn,H,L,S,-13.63,,True
3eys,H,L,Q,-7.4,20.0,True
2r0l,H,L,A,-10.68,25.0,True
2qr0,F,E,C,-11.5,37.0,True
3ijy,B,A,B,-8.241342074897947,,True
6ddr,B,A,C,-12.314856971588666,,True
3ixt,A,B,C,-9.02,,True
1p2c,B,A,C,-13.65,25.0,True
4dkf,I,M,B,-11.607859518116271,,True
1qfu,H,L,A,-11.5,22.0,True
4p59,H,L,A,-14.317537111324148,,True
5kw9,H,L,A,-10.488644352985895,,True
4odx,A,L,Y,-11.850005304444045,,True
3vg9,C,B,A,-11.400370293980798,,True
5sx5,J,K,M,-12.195390134749903,,True
4fqr,k,l,K,-9.54970862587178,,True
4zs6,H,L,A,-8.875561141727196,,True
5aaw,A,a,C,-11.411241859183765,,True
1bvk,B,A,C,-10.53,20.0,True
3ma9,H,L,A,-11.02,28.0,True
4hlz,K,L,F | E,-11.867518412372508,,True
3i02,D,C,D,-10.26304286359873,,True
4nm8,I,M,D | C,-11.735309499921597,,True
5t6l,A,B,G,-14.386165571647554,,True
1cz8,Y,X,V,-14.12,37.0,True
6a67,H,L,A,-12.275831597239875,,True
6mft,A,B,C,-7.691979474199363,,True
6aod,B,A,C,-13.356611273870056,,True
5yhl,H,L,A,-10.5656987090059,,True
5tzt,A,B,D,-11.653534133424982,,True
3p11,H,L,A,-12.19,37.0,True
4jn2,B,A,A,-15.931343304588362,,True
5d72,M,N,B,-15.309340828919966,,True
1za3,B,A,S,-10.18,,True
1yei,H,L,L,-10.171711101540176,,True
2r8s,H,L,R,-9.94865428469745,,True
2xtj,D,B,A,-11.39,25.0,True
5hys,E,F,J,-14.201849726854263,,True
1qfw,I,M,B,-10.913952715282036,,True
5dfv,C,D,A,-12.68887519701207,,True
5t5b,H,L,E,-13.519788377213574,,True
6b3s,H,L,A,-10.805930168369423,,True
3ijh,D,C,C,-5.456976357641017,,True
3ifo,H,L,P,-9.9,25.0,True
1fsk,I,H,G,-13.12373995487015,,True
6bkb,H,L,E,-12.037965345328766,,True
5t5f,H,L,A,-13.26215294160082,,True
2nz9,F,E,B,-15.12,23.0,True
5alc,H,L,L,-11.092352568721394,,True
1dee,F,E,H,-8.728351841232218,,True
4fqr,i,j,I,-9.54970862587178,,True
1etz,H,L,H,-9.73,,True
1tzi,B,A,V,-11.35,37.0,True
3iu3,H,L,I,-13.44,25.0,True
5whk,H,L,A | B,-11.926660331959344,,True
2wuc,H,L,A,-9.26,25.0,True
2aeq,H,L,A,-10.8,,True
3iu3,C,D,J,-13.44,25.0,True
6mi2,A,B,C,-9.769557801336566,,True
4m1d,H,L,P,-10.420467653019871,,True
3be1,H,L,A,-10.34,,True
2qr0,N,M,O,-11.5,37.0,True
4wht,X,Y,x,-11.053614350904786,,True
2xra,H,L,A,-11.56,25.0,True
3sqo,H,L,A,-15.417363375832576,,True
5wux,H,L,E,-14.40948636554907,,True
4xnm,B,A,D,-11.046161627732946,,True
6axk,A,B,E,-8.889005432540593,,True
5d1x,B,A,E,-14.567099215178107,,True
4jkp,H,L,G,-9.94865428469745,,True
4zpt,H,L,S,-10.91811468499047,,True
2ypv,H,L,A,-14.355775131829494,,True
4xgz,S,T,s,-10.395251776049642,,True
4etq,A,B,X,-13.29418688782641,,True
3eoa,B,A,J,-11.8,25.0,True
1mfd,H,L,H,-7.243868613748499,,True
5csz,A,B,E,-10.599564136380756,,True
3ubx,H,L,A,-10.366344400034732,,True
3sdy,H,L,B | A,-12.48,30.0,True
1i8m,B,A,D,-7.5969790708218685,,True
1mh5,B,A,B,-12.571059308451574,,True
5kzp,E,I,B,-9.761032709220396,,True
6azz,F,E,D,-11.151229137696946,,True
2fjg,B,A,V,-10.92,37.0,True
5ghw,H,L,P,-10.938139080820337,,True
3hae,I,G,D | F,-10.0,,True
5bo1,H,L,B,-12.41785844031504,,True
3nh7,I,M,B,-10.5,25.0,True
6ejg,D,d,B,-12.403045576779585,,True
1yym,H,L,G,-6.852859535761411,,True
5kov,Q,q,N,-11.907338499719083,,True
5myx,B,A,E,-11.13811088195787,,True
5d1x,C,D,E,-14.567099215178107,,True
6cdm,A,B,C,-12.40671421809852,,True
3i9g,H,L,L,-12.21,25.0,True
5cd5,C,D,A,-8.920931468069222,,True
4xh2,J,K,j,-11.216608560689204,,True
4dke,H,L,A,-13.534418347189932,,True
4k2u,I,M,B,-14.754720790655163,,True
6d6u,K,L,D,-11.20681521904132,,True
4xgz,E,F,e,-10.395251776049642,,True
4z5r,K,J,D,-14.658430977236662,,True
3ngb,B,C,A,-10.88,20.0,True
3g6j,H,G,D | C,-11.89,25.0,True
1p2c,E,D,F,-13.65,25.0,True
3bpc,B,A,B,-6.5427509671824025,,True
3o6l,H,L,C,-9.93,16.0,True
4rdq,O,N,D,-10.67372125591851,,True
2c1p,H,L,H,-7.3641077518219635,,True
3b2u,H,L,A,-12.27,25.0,True
4zff,H,L,D,-11.324631107601816,,True
5b71,D,C,F,-13.394361854051732,,True
4i3r,H,L,G,-10.81088821972937,,True
2fx8,H,L,P,-8.89,,True
4i18,H,L,C,-11.25748571108156,,True
6h06,A,B,K,-7.164753442850797,,True
5j3h,C,D,E,-11.735309499921597,,True
2vxt,H,L,I,-12.64,,True
5tru,H,L,C,-10.87942933816716,,True
4n9g,M,N,Z,-12.942286816628542,,True
4xgz,U,V,u,-10.395251776049642,,True
1y0l,F,E,F,-12.27819680469229,,True
3fku,S,s,J | I,-13.48,25.0,True
4nj9,H,L,H,-9.504110465002816,,True
3uyr,H,L,P,-9.408095013098825,,True
4xgz,G,I,g,-10.395251776049642,,True
6df1,H,L,A,-8.946058216241992,,True
4xh2,H,L,h,-11.216608560689204,,True
4liq,H,L,E,-13.23176250178276,,True
4yhm,H,L,H,-13.31768790490194,,True
4zs7,H,L,A,-14.567099215178107,,True
6h06,C,D,G,-7.164753442850797,,True
4why,I,J,A,-11.053614350904786,,True
1axs,B,A,B,-10.599564136380756,,True
5bk1,H,L,A,-12.22172707862036,,True
4wht,C,D,c,-11.053614350904786,,True
5hdq,H,L,A,-12.170174257779676,,True
6d6t,J,I,B,-11.20681521904132,,True
5wtt,H,L,P,-9.006821321101087,,True
6b0a,H,L,A,-11.503030961041176,,True
2xzc,H,L,L,-7.67,25.0,True
3ngb,J,K,I,-10.88,20.0,True
1a4k,H,L,H,-10.91,25.0,True
4jlr,H,L,S,-14.357753376338442,,True
2j4w,H,L,D,-12.57,,True
5utz,H,L,D,-11.904493814008964,,True
5k59,E,F,B,-15.82804176815236,,True
3g6j,F,E,B | A,-11.89,25.0,True
4f9p,C,c,A,-10.67372125591851,,True
3hi1,H,L,G,-10.84,,True
5sx4,J,I,M,-12.917373922881485,,True
5dfv,E,F,B,-12.68887519701207,,True
4o4y,H,L,A,-10.654293821025798,,True
5aam,B,b,J,-11.487230459870789,,True
3ubx,G,I,D,-10.366344400034732,,True
1mj7,H,L,H,-11.38705549364546,,True
4m7j,H,L,H,-8.33191472899872,,True
3ifp,A,B,Q,-10.38,25.0,True
4jlr,A,B,C,-14.357753376338442,,True
3gkz,a,A,A,-10.913952715282036,,True
4mhj,R,Q,O,-12.27819680469229,,True
4hlz,G,H,B | A,-11.867518412372508,,True
3ux9,B,b,A,-12.45101842491568,,True
1yy9,D,C,A,-11.78,25.0,True
1fsk,L,K,J,-13.12373995487015,,True
5kov,U,u,T,-11.907338499719083,,True
5d8j,H,L,A,-11.93656279667228,,True
5j74,A,a,a,-11.897908852190566,,True
3g5v,B,A,C,-9.64,25.0,True
5jyl,D,d,C,-10.996463217420198,,True
2j6e,H,L,A,-8.488120381868695,,True
3lev,H,L,A,-12.8,,True
4qci,H,L,C,-14.396652282221847,,True
4wht,O,P,o,-11.053614350904786,,True
1kel,H,L,H,-9.83,,True
5dfw,H,h,A,-12.68887519701207,,True
5cjq,H,L,B | A,-12.68887519701207,,True
4i2x,B,A,E,-8.077441989548914,,True
5yoy,I,F,A,-14.658430977236662,,True
5vpl,D,C,A,-10.599564136380756,,True
5tru,h,l,c,-10.87942933816716,,True
3wd5,H,L,A,-13.559634224160162,,True
6d01,E,F,J,-8.927113962567878,,True
2eh8,H,L,P,-11.29,37.0,True
1i7z,D,C,C,-8.728351841232218,,True
4m62,I,M,T,-11.718947964134085,,True
4z5r,M,L,E,-14.658430977236662,,True
3kdm,B,A,B,-9.54,25.0,True
2or9,H,L,P,-8.6,25.0,True
3hzy,B,A,A,-9.54970862587178,,True
4wht,U,V,u,-11.053614350904786,,True
3lh2,I,M,T,-11.25,,True
4n8c,I,M,Y,-12.821084109462982,,True
4hwb,H,L,A,-12.611243089917515,,True
1nma,H,L,N,-10.8,,True
2fx8,K,O,S,-8.89,,True
4kze,H,L,R,-10.371065410511342,,True
5te4,H,L,G,-10.919907375253752,,True
4xh2,C,D,c,-11.216608560689204,,True
5e08,H,L,N,-10.913952715282036,,True
2qr0,H,G,J,-11.5,37.0,True
4lu5,I,M,A,-13.889525396748654,,True
3hae,T,S,P | R,-10.0,,True
2wub,H,L,A,-9.3,25.0,True
2bdn,H,L,A,-15.46,25.0,True
1fe8,J,N,C,-7.774786144141744,,True
4kht,H,L,A,-11.413991208339995,,True
4lu5,H,L,B,-13.889525396748654,,True
3q3g,H,F,I,-11.32,25.0,True
4fqr,u,v,U,-9.54970862587178,,True
2jix,D,G,E,-10.26,,True
5w1m,F,E,Q,-10.624477030127814,,True
5do2,H,L,A,-9.263879005639293,,True
4z5r,U,T,I,-14.658430977236662,,True
2fx7,H,L,P,-10.5,,True
2cgr,H,L,H,-9.92,,True
6ddv,B,A,C,-11.238741254569952,,True
6flc,B,A,I,-9.212417624520992,,True
4xgz,J,K,j,-10.395251776049642,,True
4wht,I,J,i,-11.053614350904786,,True
4am0,E,F,Q,-12.792176733448072,,True
3r1g,H,L,B,-12.12,25.0,True
3u0t,D,C,E,-12.991531042419238,,True
5k59,H,L,A,-15.82804176815236,,True
5e2w,H,L,P,-10.243615428706017,,True
5e2v,H,L,P,-8.295148364558688,,True
6cbp,A,a,P,-7.032544530399885,,True
6axl,D,C,G,-9.696917926366758,,True
1iqd,B,A,C,-14.8,,True
6bli,J,K,L,-12.665637564550789,,True
6h0e,E,F,J,-9.031007686639388,,True
4qyo,A,B,Q,-11.216608560689204,,True
4k2u,H,L,A,-14.754720790655163,,True
2y6s,H,L,Q,-9.532195517943316,,True
5otj,H,L,C,-13.328052315201264,,True
4m62,H,L,S,-11.718947964134085,,True
1bj1,K,J,V,-11.55,25.0,True
5w1m,H,G,S,-10.624477030127814,,True
5c6t,H,L,A,-13.48699434919035,,True
6cdo,A,B,C,-12.243673427577416,,True
4g6m,H,L,A,-13.011617158513758,,True
4zfo,A,B,F,-14.567099215178107,,True
4qy8,A,B,Q,-9.814126450773603,,True
4yhp,C,D,Q,-11.867518412372508,,True
5c7x,M,N,B,-16.913816377693745,,True
4rgo,H,L,S,-11.053614350904786,,True
5do2,C,D,B,-9.263879005639293,,True
1bvk,E,D,F,-10.53,20.0,True
4wht,S,T,s,-11.053614350904786,,True
3ifo,A,B,Q,-9.9,25.0,True
5sx5,H,L,N,-12.195390134749903,,True
5kov,I,i,G,-11.907338499719083,,True
4u6h,C,D,J,-13.698318432538963,,True
3qwo,A,B,C,-9.63,,True
3iet,D,C,Q,-9.350354316900614,,True
1qfw,H,L,A,-10.913952715282036,,True
4bkl,A,B,E | G | F,-8.952510007908053,,True
2e27,H,L,H,-12.751299583055715,,True
3uc0,H,L,A,-12.6,37.0,True
6b0e,B,A,E,-10.077965960666114,,True
1i8m,H,L,T,-7.5969790708218685,,True
4jfx,H,L,P,-8.790776227275865,,True
5d72,H,L,A,-15.309340828919966,,True
5e8e,B,A,H,-11.929942798416157,,True
1tzh,B,A,W,-12.4,37.0,True
5j13,C,B,A,-13.945096739509712,,True
5kov,O,o,M,-11.907338499719083,,True
5n7w,H,L,X,-9.681917538322692,,True
3uzv,B,b,A,-12.77823529775025,,True
6mft,H,L,G,-7.691979474199363,,True
4hs6,B,A,Z,-10.26304286359873,,True
2r1x,B,A,B,-6.5427509671824025,,True
4hix,H,L,A,-9.305540383386385,,True
4lqf,H,L,A,-13.90224792779698,,True
6b0s,H,L,C,-9.20807461785177,,True
1ct8,B,A,D,-8.898798774188476,,True
6mlk,H,L,A,-10.75850617036984,,True
1h8s,A,a,a,-7.92964050141843,,True
4why,K,L,C,-11.053614350904786,,True
6f7t,B,A,D,-12.883508495506629,,True
2vir,B,A,C,-12.27,25.0,True
1tzh,H,L,V,-12.4,37.0,True
2i60,R,Q,P,-11.193370928227925,,True
2fl5,D,C,D,-11.929942798416157,,True
5l6y,H,L,C,-13.965182855604231,,True
6ii4,H,L,A,-10.613671557141997,,True
5nmv,H,L,K,-12.27819680469229,,True
4kro,D,C,A,-8.948201016697006,,True
5xjm,H,L,A,-12.77823529775025,,True
4xgz,H,L,h,-10.395251776049642,,True
4xgz,W,X,w,-10.395251776049642,,True
6axl,A,B,I,-9.696917926366758,,True
5hys,H,L,I,-14.201849726854263,,True
4cni,H,L,C,-15.006684983512798,,True
6h0e,H,L,I,-9.031007686639388,,True
4n9g,E,F,D,-12.942286816628542,,True
4f37,H,L,A,-11.268161381529886,,True
5ngv,H,L,A,-14.728215503643929,,True
5kov,E,e,B,-11.907338499719083,,True
2g2r,B,A,A,-10.75850617036984,,True
3ux9,D,d,C,-12.45101842491568,,True
4ybl,H,L,G,-13.328052315201264,,True
6b9j,A,B,Y,-12.900199280360685,,True
6d01,A,B,I,-8.927113962567878,,True
6d6u,J,I,B,-11.20681521904132,,True
4wht,M,N,m,-11.053614350904786,,True
2r2b,B,A,B,-5.730724827033278,,True
3l95,B,A,X,-11.73,25.0,True
3lh2,J,N,U,-11.25,,True
3eob,B,A,J,-11.8,25.0,True
5dyo,A,B,H,-13.935303397861828,,True
3uze,A,a,C,-11.046161627732946,,True
1yyl,H,L,G,-11.9,37.0,True
4i18,A,B,R,-11.25748571108156,,True
3skj,H,L,E,-12.4,,True
5w1m,B,A,R,-10.624477030127814,,True
3b2u,C,D,B,-12.27,25.0,True
4d9r,E,D,B,-15.549572288283487,,True
1wej,H,L,F,-10.63,25.0,True
5y11,A,B,C,-10.350110954979534,,True
3ikc,D,C,C,-10.171711101540176,,True
6bkd,H,L,E,-9.477296673074427,,True
5t78,D,C,E,-10.04974711892974,,True
6f7t,H,L,C,-12.883508495506629,,True
4cni,A,B,D,-15.006684983512798,,True
5w0k,H,L,A,-9.771277639060871,,True
5b71,B,A,E,-13.394361854051732,,True
4gqp,h,H,H,-13.09955358933185,,True
2uzi,H,L,R,-11.19,25.0,True
4hpy,H,L,P,-13.534418347189932,,True
5bk1,C,D,B,-12.22172707862036,,True
4r8w,H,L,B | A,-13.284393546178524,,True
2y6s,D,C,P,-9.532195517943316,,True
5utz,B,C,A,-11.904493814008964,,True
2r0k,H,L,A,-12.57,25.0,True
4qxt,A,B,Q,-10.635483235413163,,True
5d71,H,L,A,-13.897672741510132,,True
4fqj,H,L,A,-12.340621190735936,,True
4zpt,A,B,R,-10.91811468499047,,True
1dee,D,C,G,-8.728351841232218,,True
3k2u,H,L,A,-13.36,25.0,True
3a67,H,L,Y,-11.44,30.0,True
2b2x,I,M,B,-11.95,,True
4z5r,Q,P,G,-14.658430977236662,,True
5kn5,A,B,C,-13.630708160608432,,True
5eoc,H,L,P,-10.257147454957629,,True
4hs8,H,L,A,-10.805930168369423,,True
4j4p,C,D,B,-10.092595930642474,,True
5ikc,B,A,M,-10.325467249642376,,True
5tkk,H,L,A,-11.291226680167965,,True
1fsk,C,B,A,-13.12373995487015,,True
4xgz,Q,R,q,-10.395251776049642,,True
2iff,H,L,Y,-10.913952715282036,,True
1yym,R,Q,P,-6.852859535761411,,True
4fqv,I,M,F | E,-12.22172707862036,,True
4wy7,H,L,P,-9.24586899649438,,True
4hs6,H,L,Y,-10.26304286359873,,True
2a6d,B,A,P,-9.309477166508255,,True
2ntf,B,A,B,-9.25,37.0,True
4mhj,F,E,C,-12.27819680469229,,True
3g6d,H,L,A,-14.645408833701548,,True
3l95,H,L,Y,-11.73,25.0,True
3vw3,H,L,A | B | A,-9.082560507480071,,True
6mhr,D,E,F,-10.446804596890326,,True
4fqr,o,p,O,-9.54970862587178,,True
1w72,H,L,A | C,-10.71,,True
1c5c,H,L,L,-9.493238899799852,,True
3b2v,H,L,A,-11.56,25.0,True
3v6z,C,D,E,-11.570817226937056,,True
4yhz,H,L,P,-10.857482989210109,,True
3gjf,M,K,D | F,-9.82,,True
4krp,D,C,A,-9.249427467731744,,True
5w08,G,H,A,-10.092595930642474,,True
2hrp,H,L,P,-11.32,,True
1igj,B,A,B,-13.91,20.0,True
4nja,H,L,H,-8.488120381868695,,True
4jg1,H,L,P,-9.051093802733906,,True
1dl7,H,L,L,-8.86056075368313,,True
3uze,B,b,D,-11.046161627732946,,True
4gms,I,M,C,-10.503274322962254,,True
6b9j,H,L,X,-12.900199280360685,,True
4k94,H,L,C | C,-12.551945274084549,,True
5vpg,D,C,A,-10.533664762780312,,True
1fl3,H,L,L,-9.27123914600291,,True
5nh3,H,L,A,-12.294413792096064,,True
1m7i,B,A,A,-7.3641077518219635,,True
3t2n,I,M,B,-10.5,37.0,True
6ejg,C,c,A,-12.403045576779585,,True
5cin,H,L,P,-10.5656987090059,,True
3c09,C,B,A,-10.04,25.0,True
5yy4,A,a,B,-8.774542782220665,,True
4lmq,H,L,D,-12.32567017838922,,True
3q3g,B,A,E,-11.32,25.0,True
3ngb,E,F,D,-10.88,20.0,True
5w08,M,N,F,-10.092595930642474,,True
4rgm,H,L,S,-10.423049285339754,,True
1sm3,H,L,P,-6.30251950781888,,True
1yej,H,L,L,-10.171711101540176,,True
5c0n,H,L,A,-7.34515831911734,,True
4gms,H,L,A,-10.503274322962254,,True
5w08,Q,R,D,-10.092595930642474,,True
5zia,H,I,J,-8.898798774188476,,True
1gaf,H,L,H,-10.913952715282036,,True
5myx,D,C,F,-11.13811088195787,,True
1fsk,F,E,D,-13.12373995487015,,True
4mhh,J,K,A,-12.340621190735936,,True
5dd0,H,L,P,-9.65512996306636,,True
5aaw,F,f,G,-11.411241859183765,,True
4xgz,M,N,m,-10.395251776049642,,True
6ii9,H,L,A,-10.521320906302677,,True
6ddm,B,A,C,-12.792176733448072,,True
6d01,C,D,I,-8.927113962567878,,True
4n9g,A,B,C,-12.942286816628542,,True
3u0t,B,A,F,-12.991531042419238,,True
3wih,H,L,A,-10.533664762780312,,True
1ob1,E,D,F,-12.29,4.0,True
2fr4,B,A,M,-7.3641077518219635,,True
6mu3,M,K,M,-8.39678861981014,,True
4rdq,K,J,B,-10.67372125591851,,True
3rkd,H,L,A,-11.22,,True
4am0,A,B,S,-12.792176733448072,,True
5te7,H,L,G,-11.666051859880756,,True
5jhl,H,L,A,-11.689711339052632,,True
5vag,C,B,A,-10.950612882178412,,True
5u7m,H,L,G,-9.201454619595646,,True
5tkj,D,E,F,-11.112714836617696,,True
5cil,H,L,P,-10.077965960666114,,True
4r2g,J,I,K,-10.188885744060974,,True
6d6t,K,L,D,-11.20681521904132,,True
4uu9,H,L,D,-14.80733067454163,,True
5d1q,C,D,E,-14.851238438600603,,True
1mpa,H,L,P,-10.969830253718456,,True
6cwt,A,B,E,-15.960250680603272,,True
3l5w,H,L,I,-14.0,25.0,True
5myo,B,A,E,-14.369763591907674,,True
6b5t,H,L,A,-11.808361680878818,,True
4qci,B,A,D,-14.396652282221847,,True
4dtg,H,L,K,-13.82890187434071,,True
4np4,H,L,A,-14.626397031011075,,True
5n7w,A,B,Y,-9.681917538322692,,True
1mjj,B,A,A,-11.920149456768272,,True
4aei,J,N,C,-12.4104057171432,,True
4wht,E,F,e,-11.053614350904786,,True
6azz,C,B,A,-11.151229137696946,,True
5t78,B,A,F,-10.04974711892974,,True
2nz9,D,C,A,-15.12,23.0,True
3bdy,H,L,V,-8.89,,True
3lh2,H,L,S,-11.25,,True
3fku,Y,y,B | A,-13.48,25.0,True
1f4y,H,L,H,-8.29,,True
4m8q,H,L,C,-11.462794680024446,,True
4fab,H,L,H,-11.02,,True
6bit,I,K,H,-11.712071867460317,,True
1fe8,I,M,B,-7.774786144141744,,True
4d9q,E,D,B,-14.355775131829494,,True
1dzb,B,b,Y,-8.57,25.0,True
3bky,H,L,P,-8.67,,True
1y0l,D,C,D,-12.27819680469229,,True
4n9g,H,L,Y,-12.942286816628542,,True
3a6b,H,L,Y,-9.63,30.0,True
4k24,H,L,U,-8.550544767912342,,True
3hi1,B,A,J,-10.84,,True
6msy,H,L,H,-9.54970862587178,,True
3uzq,A,a,B,-13.760019836577095,,True
5c7x,H,L,A,-16.913816377693745,,True
2fx9,I,M,Q,-10.59,,True
5a2k,H,h,P,-8.658567314824953,,True
5anm,B,A,G,-15.975251068647337,,True
4z5r,S,R,H,-14.658430977236662,,True
5zia,K,M,N,-8.898798774188476,,True
3wih,I,M,B,-10.533664762780312,,True
4uu9,A,B,C,-14.80733067454163,,True
5t6p,B,A,F,-8.26120372284051,,True
3ggw,D,C,F,-7.55,25.0,True
5u7m,D,E,B,-9.201454619595646,,True
2dd8,H,L,S,-10.5,25.0,True
6eyo,I,M,B,-14.596006591193015,,True
6ii8,G,I,A,-8.749460362550247,,True
6cdm,D,E,F,-12.40671421809852,,True
5w6g,H,L,A,-7.740262767026869,,True
3ru8,H,L,X,-10.19,25.0,True
5kvg,H,L,E,-10.989691901661018,,True
6bli,G,H,I,-12.665637564550789,,True
6flc,H,L,G,-9.212417624520992,,True
4np4,I,M,A,-14.626397031011075,,True
2qr0,X,W,V,-11.5,37.0,True
1cz8,H,L,W,-14.12,37.0,True
5w0k,E,F,C,-9.771277639060871,,True
2h9g,B,A,R,-11.32,,True
4fqr,c,d,C,-9.54970862587178,,True
5yoy,G,D,B,-14.658430977236662,,True
4xgz,O,P,o,-10.395251776049642,,True
5w06,H,L,T,-13.443086585131375,,True
6b3s,J,K,I,-10.805930168369423,,True
5ies,H,L,C,-8.77775408374075,,True
2vwe,L,J,B,-13.56,,True
4why,G,H,D,-11.053614350904786,,True
4wht,K,L,k,-11.053614350904786,,True
4ffz,Z,Y,X,-8.705114208770938,,True
6df2,B,A,C,-9.880679659658352,,True
5bvp,H,L,I,-14.345981790181613,,True
4al8,H,L,C,-12.751299583055715,,True
4r2g,D,C,O,-10.188885744060974,,True
5kov,W,w,S,-11.907338499719083,,True
2fl5,B,A,B,-11.929942798416157,,True
3hzk,B,A,B,-9.139030233552,,True
4kxz,J,I,B,-11.627286953008984,,True
5jq6,H,L,A,-12.41785844031504,,True
1uwx,M,K,Q,-7.9,,True
2jb5,H,L,H,-12.58085265009946,,True
5w42,H,L,A,-10.032100252409448,,True
4kxz,H,L,A,-11.627286953008984,,True
2r56,H,L,A,-12.12,,True
5u7o,D,E,B,-9.736169606109948,,True
3fku,Z,z,D | C,-13.48,25.0,True
1axs,H,L,H,-10.599564136380756,,True
6ii4,E,F,C,-10.613671557141997,,True
4hj0,P,Q,A,-10.420467653019871,,True
3hzv,B,A,A,-8.898798774188476,,True
4d9q,H,L,A,-14.355775131829494,,True
5jyl,B,b,A,-10.996463217420198,,True
4f37,F,K,B,-11.268161381529886,,True
4r2g,Q,P,E,-10.188885744060974,,True
2y36,H,L,P,-8.758742281050278,,True
3iet,B,A,X,-9.350354316900614,,True
1yyl,R,Q,P,-11.9,37.0,True
4fqr,g,h,G,-9.54970862587178,,True
3b2u,J,K,I,-12.27,25.0,True
3idy,H,L,G,-11.450944611411623,,True
5lcv,H,L,A | B,-8.288766072897529,,True
6e62,B,C,A,-11.589048932503635,,True
6b5o,H,L,A,-11.3663552684029,,True
5xmh,D,C,B,-5.178506877772148,,True
3b2u,N,O,M,-12.27,25.0,True
4jpk,H,L,A,-10.036126204570545,,True
5otj,B,A,D,-13.328052315201264,,True
2hrp,N,M,Q,-11.32,,True
6bkc,H,L,E,-12.4104057171432,,True
5f3b,A,B,C,-15.720019221239747,,True
2i5y,H,L,G,-11.689711339052632,,True
1a4k,B,A,B,-10.91,25.0,True
4wht,Q,R,q,-11.053614350904786,,True
5utz,J,K,I,-11.904493814008964,,True
6mub,H,L,H,-9.54970862587178,,True
3ngb,H,L,G,-10.88,20.0,True
4ffz,H,L,A,-8.705114208770938,,True
4xh2,E,F,e,-11.216608560689204,,True
6h0e,A,B,K,-9.031007686639388,,True
5d70,H,L,A,-11.867518412372508,,True
1uz8,H,L,H,-6.764750720979343,,True
3v6z,A,B,F,-11.570817226937056,,True
4rgm,C,B,A,-10.423049285339754,,True
4mhj,T,X,M,-12.27819680469229,,True
1y0l,B,A,A,-12.27819680469229,,True
3b2u,W,X,V,-12.27,25.0,True
5yoy,R,O,J,-14.658430977236662,,True
3skj,I,M,F,-12.4,,True
4xnm,H,L,C,-11.046161627732946,,True
5t6l,H,L,I,-14.386165571647554,,True
5m63,M,N,N,-9.493238899799852,,True
4yk4,Z,Y,E,-8.78422937966864,,True
5aam,A,a,C,-11.487230459870789,,True
1eo8,H,L,A,-10.87,22.0,True
4k3j,H,L,B,-12.170174257779676,,True
3mj9,H,L,A,-11.06,25.0,True
1uz8,B,A,H,-6.764750720979343,,True
4uin,H,L,H,-10.395251776049642,,True
3bgf,B,C,A,-10.34,25.0,True
6ejm,I,i,A,-12.367556905430469,,True
5ikc,H,L,N,-10.325467249642376,,True
4od2,B,A,S,-12.32759904720082,,True
5hys,C,D,K,-14.201849726854263,,True
3ijy,D,C,D,-8.241342074897947,,True
3q1s,H,L,I,-9.85,25.0,True
4zfg,H,L,A,-11.324631107601816,,True
5vyf,H,L,F,-13.271582589129338,,True
4rdq,I,H,A,-10.67372125591851,,True
5sy8,H,L,O,-14.939539586992543,,True
3idx,H,L,G,-11.450944611411623,,True
4ps4,H,L,A,-15.339731268738026,,True
1ct8,D,C,D,-8.898798774188476,,True
5kvd,H,L,E,-8.97006636439889,,True
6ejm,H,h,B,-12.367556905430469,,True
